user_id,skill,activity_90d,pref_algo,pref_ds,pref_math
1,0.0012301533574825742,38,0.7865506638676204,0.9243400767755668,0.8507700610279354
2,0.2987455375084699,85,0.45240412029999233,0.5949122105626393,0.7425985847292289
3,-0.2741378553622176,19,0.17705577766698044,0.3488225434926362,0.8350948459246169
4,-0.8905918387572742,40,0.0353022165799054,0.3551183284411219,0.578085546669629
5,-0.45467078517172255,36,0.8513796101847941,0.6334392984812889,0.576009420760973
6,-0.9916465549964624,1,0.9776974630818676,0.864190628603003,0.530577447794089
7,0.060143602597438485,10,0.24413550478392143,0.3408313655009766,0.735081659692724
8,1.3402152455545335,78,0.8660763276090669,0.190698089052193,0.33021053560718705
9,-0.49220651855132963,94,0.40253091696253807,0.002790505272209143,0.4967060065863699
10,-0.6204748998199404,25,0.3113437599752573,0.13747084746346472,0.46976781194148765
11,0.4898420501851982,8,0.5051543371183528,0.8511878681869912,0.6616372707900358
12,0.35688700816006075,15,0.00816818172146383,0.6245846703755393,0.21621076192797006
13,0.10541424899789856,6,0.44271446920888535,0.990637295562984,0.025074277741608753
14,-0.9304680447082047,80,0.1995549685827961,0.0694617908328855,0.08856038870146132
15,-0.02925182246327349,5,0.7124571935801768,0.3660163417367126,0.17924224640130937
16,0.6953031944582878,68,0.5025713796956586,0.7957092200253159,0.8572447058167981
17,-1.344214547285082,79,0.8688526299320798,0.6612063647579213,0.7168370100070356
18,-0.45761576104021817,22,0.8966481908874484,0.0666707268721104,0.7499710071196635
19,-1.901222739800844,23,0.3167589297500849,0.4014399994319928,0.4442288856388056
20,-1.289537739784976,27,0.28038380569707955,0.6376326117244426,0.10277116411439502
21,-1.8417350377917323,76,0.9391303837458055,0.6877543882709014,0.4652731988905163
22,-0.23509113107468127,93,0.5039975592958282,0.4516912257556771,0.8629868661881456
23,-1.2674464814437032,75,0.09651552632397842,0.18816758461760896,0.509154938550002
24,0.2712643588217015,27,0.04588513104194858,0.9659272872061858,0.6318369215052902
25,0.15675108662422516,71,0.9904255241620707,0.46650087427174325,0.37419341662971073
26,-0.18693094462995438,70,0.5791636290277997,0.7173434729174588,0.15008670281403746
27,-2.516759710820513,42,0.0544929731938405,0.5348273410107928,0.6266285974516522
28,-0.5386928958466366,13,0.5112554483711341,0.08069315954772638,0.48497758113124323
29,-0.048500945401071985,32,0.5041045029913964,0.23669300320775455,0.34562620757326257
30,0.11330898600330756,81,0.4353878418133743,0.0630253580522735,0.2585195775158615
31,-1.5301357655053935,52,0.9512803985090398,0.190777631169885,0.6959913414815763
32,-0.47775327603393064,12,0.9487720307338383,0.20018676777819022,0.3179115036167939
33,-0.9785190780566395,91,0.1249676782737964,0.41486045170935504,0.5759665098299074
34,-0.8088372394255993,52,0.15172070210072364,0.3216975390707122,0.25974148325584767
35,1.0608986233860787,35,0.40748860578048374,0.3625531709608325,0.7534116215951534
36,-0.8075346753318965,4,0.8340264711732343,0.8168871688277441,0.37494995273268616
37,-0.0325217049455206,57,0.623752595133354,0.021359939911879455,0.4784939025291869
38,0.8843898673831739,55,0.7298301278994721,0.1033954604516446,0.9275793041768126
39,-0.583600432743302,15,0.5760583823718732,0.8078030123441962,0.7183818615305294
40,-0.11170194958415963,84,0.21005693639580114,0.5339650952285532,0.7363317144344254
41,0.11046414324948059,50,0.8177654287809444,0.43888943886328147,0.33934185383097604
42,0.06378177425506196,9,0.014020982062099452,0.26731727432582186,0.8403374359522369
43,-1.2250558264176934,20,0.6984842578956494,0.5423201885129578,0.38575848879229513
44,0.0761402303770081,28,0.1943396157562839,0.22156344933328553,0.9883058382052988
45,1.3588234217415376,75,0.4710914798337187,0.858360712168186,0.8958995632899047
46,-1.5471446781284823,76,0.9751332054120772,0.8240396954231747,0.6591246648168182
47,0.8593826880215982,82,0.5390358575151671,0.3218508829938499,0.8314639263605469
48,0.11935402569658124,61,0.05694882111890576,0.024499739253265318,0.544043444267162
49,-0.6414703941072214,91,0.4287798298505372,0.8876677549303356,0.7330863556081333
50,2.000416546342423,31,0.6602671058319217,0.2986717954727768,0.12477430223971031
51,0.7622597120847118,58,0.056706692401920944,0.6568756110467329,0.9885856262532133
52,-1.1992889021052233,63,0.25265372650120976,0.8581555251131588,0.8002112305859393
53,0.07451622877146342,37,0.018336137926127538,0.7983619074783577,0.14244238080306604
54,0.5766895836701853,46,0.5400682512597866,0.8625010288378439,0.24261438870539176
55,-0.1887821253507493,70,0.3814775791788604,0.48913445365750396,0.5749720714472548
56,0.682910267195206,86,0.5036900166613288,0.8422928696401358,0.7627513948850434
57,-0.06651732014941557,92,0.29583681584279165,0.4611560597627127,0.14885372643671613
58,0.6672475608343279,30,0.656807013753902,0.26381772335991427,0.9606376617566592
59,1.438522591656152,72,0.1730861554214489,0.4809665250625801,0.3459413380664873
60,-0.6756622510056528,76,0.9066520239024916,0.3353940731814262,0.9949745281178392
61,0.20313861038960904,93,0.9600814551218794,0.7671468203508294,0.7525857749690537
62,-0.46330757653841514,63,0.4929936572367587,0.8317088495795975,0.4855218383676908
63,0.12726841122583082,20,0.46539012592482076,0.14116730965972324,0.36270050033272305
64,-1.18719452785014,74,0.8596167058351629,0.16442680115391262,0.09648848230885887
65,-0.5793015965026732,17,0.2898377975776727,0.3836613103346532,0.0879004786553631
66,-0.1961959728044967,38,0.8031056804069271,0.4632863720689322,0.6294532744677895
67,0.8987638721004078,49,0.2873076092409056,0.9563215017696091,0.7735209056116691
68,1.145222007454132,72,0.7199647945239752,0.9416920995871297,0.9075420940290883
69,-1.323527792484255,17,0.33401134182583203,0.9670405758644449,0.36498931756270425
70,-0.7946423659870495,70,0.6026016712567582,0.7297554323949981,0.9376302147366526
71,0.6469034225734218,15,0.9258682462884564,0.6772271564803106,0.2968751275525622
72,-1.9924197841744944,39,0.054324785385753804,0.27039115221257126,0.9398827199435722
73,-0.46316986495236695,13,0.807254627642757,0.3726546133768701,0.9188354009562458
74,-0.09728692567008902,3,0.5418455690828292,0.0026833065940895517,0.15499882547086874
75,1.2570149772868198,33,0.3790676303893259,0.8329552322224301,0.8607940235144467
76,0.6894039005707556,96,0.35027545712475716,0.27608507322222975,0.7036910711566555
77,-0.32721342022219785,56,0.06941202325540985,0.07928108731858585,0.7024377312128449
78,-0.3685758940999591,71,0.25837869745066955,0.3155911435359957,0.8404123810769761
79,-0.25019540051792494,23,0.6231370247952376,0.323169986589133,0.5366640932880852
80,1.5235294004561601,21,0.09758995940615467,0.7239856358130329,0.5067680031365859
81,-0.4280249425728672,90,0.6694073403672536,0.0057066739564664015,0.3670298652556999
82,-0.3036803883647294,73,0.9622533391373423,0.23001350375748342,0.8652501842656881
83,0.35258906728526535,49,0.980776103548191,0.8964692729265468,0.9010982144471978
84,-0.12077044508645512,28,0.8892412174344906,0.8548761194311592,0.1605447931313183
85,-0.19728422796572256,86,0.8066108542598354,0.629031306846496,0.772169169196036
86,-1.1140671431510563,47,0.1779533111974726,0.5589498938950802,0.2755113232355937
87,-0.011521468038548173,6,0.9701559537015941,0.2226175308511158,0.18385729502387027
88,-0.4435812229744192,86,0.20272320262916632,0.8750974792292554,0.1972084282300427
89,1.1661277761902227,42,0.8690497571674405,0.7607214832047999,0.5733056226515959
90,0.6530885027011638,45,0.8778736682780394,0.5129326581065418,0.2797701842323641
91,-0.024143613009932233,38,0.6219083159380683,0.16101829890416208,0.24227880913025535
92,0.6683810232673438,29,0.5213067322912591,0.21583920614949026,0.09849596795949578
93,-0.3398695517131494,60,0.20042518633558049,0.37929352411332995,0.32471203900683565
94,1.052126358426947,31,0.5194683706037546,0.33112462456969904,0.7740937490259742
95,-0.005399560671626605,51,0.29061989531698884,0.06105605177496598,0.021598647662926074
96,0.5833823541804138,8,0.125880708815428,0.4063763655190705,0.48266026142395924
97,-1.2908932453234871,83,0.12819118014168474,0.4487172753971058,0.6028062185860962
98,0.34668004887842974,22,0.8011709631216898,0.287079842556886,0.049619202920057615
99,-1.6882041173665416,60,0.9224033800195133,0.38430289515754656,0.2939722562111454
100,-2.0353289449399323,27,0.14186878961733085,0.33237770345636874,0.9064761608772044
101,-0.3044768777114372,19,0.01326104065532685,0.37683564464859864,0.9943369103156819
102,-0.8999276075985952,18,0.2636327047994823,0.6190309729788934,0.850307326874208
103,0.16405279571222256,70,0.13443899125421266,0.4973306950971982,0.16969811845408656
104,2.2447566264860495,7,0.18862652708034033,0.19758943741312285,0.7641567898049324
105,-0.8317231814120817,79,0.5833268994144378,0.7952596561854822,0.4508657244542994
106,-0.6239435864439059,47,0.4222941229236351,0.5131865012899779,0.1706443401776797
107,0.2054039460646989,45,0.42922909513925034,0.4583647606162141,0.4808849345055273
108,0.49301329141235634,22,0.20561265565742737,0.713342727213246,0.9228804903124711
109,-0.1764060659057582,36,0.6645887792022673,0.7521379539700405,0.8772526581586217
110,-0.20593033025321647,74,0.28951021897785767,0.849059500135934,0.39153497496335277
111,0.7024629551205442,89,0.3991468785740683,0.8112466421088042,0.06335219563799699
112,0.5199076370338984,92,0.46341404038068434,0.6690152299750519,0.9005532680065155
113,-1.0336758320736887,62,0.9044244742720347,0.721129343787545,0.986285443390027
114,-0.07918131861584184,28,0.24635570052785527,0.15712686974540313,0.5113942727136777
115,0.035286848661474135,8,0.7186660264695759,0.6992531990764411,0.22527994676614216
116,-1.0544846220491104,57,0.30936872363336265,0.2544578160991381,0.5437928042141816
117,0.25983910067436333,55,0.8944263131403661,0.2578357519967063,0.6962735518926817
118,-0.8579564771765439,51,0.39407949300137524,0.12013176120541724,0.48220724323488895
119,0.9720667079170427,53,0.5051617370363951,0.3969090262882716,0.3525482669706057
120,0.1927459126050724,8,0.8772152695595488,0.019877680515251184,0.2477843085878022
121,0.08930648576905029,39,0.6727608986220697,0.6569795355581145,0.29686010079676617
122,-0.591028352856274,13,0.09435884114662563,0.7481026736779414,0.04982068882882662
123,-0.11860982387769403,85,0.13683585795831965,0.7755495472506363,0.2550741777680061
124,-1.9977462929070549,88,0.9907324342083816,0.12886198827398565,0.9531301571976182
125,-1.1314074705230586,82,0.029105271976059277,0.6410866207646317,0.008097559055766146
126,0.3628397991887543,47,0.3008719232637034,0.8382932369425091,0.727468390657021
127,-2.1285670418221447,80,0.9588943683582837,0.03596963979745371,0.7889130393407852
128,0.8466085214811634,80,0.015106037624665891,0.1933687258957696,0.4047100195002603
129,-1.7460964753739088,35,0.16139788056678384,0.26777580426830605,0.5952407860215746
130,0.7567385026642676,7,0.21336428875150582,0.46198457841531093,0.22088250635854312
131,-0.8454970328793241,84,0.08639077048613464,0.17216518576070117,0.6680452251245643
132,0.7789910843424612,59,0.47196136218047713,0.5388718932078369,0.7078257571931234
133,0.1309512075847998,45,0.5924379270411748,0.34395174285938146,0.734568367043626
134,-1.5368349402914887,86,0.318321548193363,0.6551104603102776,0.4917267804448734
135,1.2491487495584548,95,0.1086496607323495,0.5313245556314886,0.9704159175475667
136,1.4417071555226115,86,0.8109560776059576,0.686297952655808,0.8663155163253028
137,-0.0658049060002071,2,0.8044713815973067,0.24634104939114332,0.5724579964886859
138,-0.27391627217232034,1,0.562099901593533,0.7070688313226625,0.6823626679127621
139,-0.15986696597063635,49,0.13774210784254326,0.7346364458469007,0.27478633458699386
140,-0.9751523227787462,52,0.5419113103243616,0.7219675130645917,0.943627948716562
141,1.0985867597569177,24,0.6295239397040125,0.06845007917246226,0.6451422263055728
142,-0.5428919317301868,37,0.4282923301965267,0.9461503348073532,0.8949240536167552
143,-0.051190412691676575,57,0.8638633875868792,0.5768638506151808,0.2886244439079685
144,-0.7932964032030436,76,0.39004539942119076,0.2723190772278985,0.9823812139389902
145,-0.6260730997201972,75,0.510887072378066,0.4341365314008645,0.10544395456953648
146,-1.2777251516511705,8,0.11414336127622793,0.5176015535038441,0.5303490853541089
147,1.2570693137143927,38,0.5635507995522374,0.5177696685474776,0.11047241638120942
148,-0.15408757320601318,27,0.766448043801703,0.24795847138716254,0.1897878099432203
149,0.9659216187288089,29,0.7312583219112546,0.2649642888437528,0.7641507041123238
150,0.01332459691325976,81,0.2569808349545021,0.3635879297598211,0.06609503096879676
151,-0.6944035277028942,43,0.9918662220728697,0.7809248202067857,0.38271031334738137
152,-0.3266852600022522,47,0.719934146971703,0.43744405002677955,0.1916555889729019
153,-0.5602310505028996,97,0.42375242145997605,0.038631309889025744,0.8502714034645031
154,0.007959099184913658,45,0.41490852572143466,0.45220985529220836,0.08237549737810745
155,-0.3752668396769557,75,0.7793253557488876,0.20136260224904878,0.33657689170920946
156,-0.29992171594179834,96,0.17568234576343833,0.012412398993161822,0.8562437756036189
157,-1.3785746841359137,97,0.6396274126198969,0.9770300362670954,0.6869139110030222
158,-0.8068459276211205,32,0.7188394790448506,0.29372047903598586,0.7033281556641948
159,1.65405754880043,40,0.5163400201113484,0.5374965209732457,0.9911883256715924
160,-0.6712332162517173,5,0.873198407791995,0.3581997686226609,0.023420655444108318
161,-1.0540937876234928,75,0.46863597995817385,0.05340673132807927,0.6648182247310576
162,0.33732633257503086,39,0.46489274855280005,0.9008839498008321,0.7449575544711596
163,1.407272199556532,2,0.28467962982514927,0.9356574214208527,0.7481739492772733
164,-1.454024302481208,16,0.9193716330824451,0.18643271686697604,0.7140214623426667
165,-0.20852184825127065,18,0.3162698007295892,0.4179969567696067,0.0722124885517722
166,-0.6320525539349078,9,0.6952712726300845,0.3736407469706148,0.0839384563839164
167,-1.7610194743274028,7,0.4093529367581328,0.16721699240908505,0.7728019930735612
168,0.7349267092583915,57,0.9354241317181773,0.6616606348953589,0.6117704487007563
169,-0.02344391855484465,24,0.9479593669328659,0.7819960611523873,0.26267411023141984
170,0.07144184429260535,95,0.030035232915902155,0.7596980175958158,0.009290393731109847
171,-0.7523114724455892,57,0.9945336061284367,0.6752519557957692,0.5334579877404644
172,0.4547841629969166,58,0.604936095517219,0.01749040910997135,0.09042377229192611
173,-0.539297349487321,52,0.0738534737417268,0.2295974131440316,0.7483817669173618
174,-0.1429032084967607,65,0.4970308188142568,0.5146011326152339,0.34072191457422996
175,-1.108260792181513,78,0.04947193975206343,0.7028405947923558,0.8074785907839092
176,-1.2161027602081953,33,0.5488938158648783,0.38642362698461863,0.09555574548866885
177,1.3355318553000226,61,0.18545448914362528,0.4492668096670137,0.49397607684735856
178,-0.5071047045384752,57,0.36794033868480225,0.8407191430587996,0.09976498042891746
179,0.2916803563558019,68,0.3047001165462305,0.023546975817706817,0.780360124644763
180,-0.03379043476737232,75,0.6022120152796432,0.26858893290400776,0.5599831024966997
181,-0.44114520276218416,76,0.8223619813043304,0.2899351582913966,0.2346875720218593
182,-0.5079609703372195,59,0.9365366263418701,0.9927826216088337,0.9628530274275228
183,0.6300825914455861,8,0.3288580830960226,0.22753610995625895,0.6819949622943074
184,-0.3018676045339098,80,0.5696899445477092,0.047113162818702814,0.33634208152430023
185,-0.15144364817129202,96,0.005899169583374331,0.4164642063591031,0.8553324046426165
186,0.022221557194479512,55,0.3721635308614316,0.6495288638482224,0.3799822985748058
187,1.1765083202520015,44,0.9607038232657505,0.15341735239903287,0.9424649989165812
188,0.6805109746331383,20,0.11883855084899486,0.8396948195647004,0.29711576111078597
189,0.3826002677279928,46,0.869827775619146,0.1964562986970685,0.9843611862265694
190,-0.5635713933532417,58,0.6525051968054209,0.7042792676427843,0.062483047141302483
191,-1.3819687200064654,77,0.293893728940116,0.16180800665477635,0.7345707984271661
192,0.949529931735302,49,0.7781609462719552,0.8817251654059836,0.2914009332703551
193,0.9664471342208761,18,0.2892813684430612,0.20132044227189372,0.42390214628588385
194,-0.1407083991233403,17,0.8948150582847101,0.7313588873950351,0.6361854475812334
195,0.541883841603518,53,0.08275915705009373,0.838694036255605,0.04583008455570747
196,0.781443053885405,62,0.11899305513505254,0.25494641406881813,0.22353958810205576
197,0.8311844526649818,88,0.7500121808513756,0.09282605517935583,0.10401684790059251
198,0.9213834732464707,81,0.4491783025643671,0.5861412601867788,0.7396455702412988
199,-0.45561765066113274,58,0.1474633396620979,0.49902102265196246,0.22124165167808785
200,1.5149729826647176,14,0.513434045659475,0.47931966200202736,0.4983323849967852
201,-1.2465930582857083,82,0.29696912365513806,0.7813344013993109,0.328513411288637
202,0.861723076993649,54,0.5493152834658936,0.4631096473238343,0.2361167740965876
203,0.4939320790307585,84,0.743713923434042,0.49703140561012615,0.9351777989179463
204,0.8736191135245024,73,0.8568393595310215,0.4872642549128229,0.5074945363648006
205,1.8790083070967372,32,0.05900016743630121,0.45458812851582975,0.650470191277233
206,1.484445473378649,40,0.5923547777246154,0.40572796809742306,0.7043829899207806
207,-1.145176907189325,41,0.9836658319081879,0.16090424049153973,0.8211512622037617
208,-1.688671580267857,27,0.45979742962719206,0.2953105273488438,0.26321927015885893
209,0.8168890590537966,77,0.7695664567965945,0.2648915662211522,0.07859473356813529
210,-1.015012415875923,37,0.09726066206921691,0.24818033514118554,0.4672457512496968
211,-0.0124053886475133,70,0.8735078776468845,0.7828247377316404,0.1700061321536276
212,0.839727477005194,54,0.5820528336945214,0.11403785881563377,0.020431908544324417
213,-1.6437973511855861,41,0.888263186100905,0.20542034263118902,0.9196842998829198
214,-2.1099804543094787,68,0.7871179114433383,0.5264137104629523,0.626585834862728
215,0.259299020337227,18,0.8692397743206884,0.31254146194875476,0.41436473628944626
216,0.04438588961329704,56,0.05729588108451211,0.24016279128369233,0.1364450888603269
217,-0.24580307138192253,15,0.7155241077057231,0.3733830223206981,0.7612486031592385
218,0.03853476377021816,11,0.1969809080215299,0.5020212654146092,0.5330052462076945
219,-0.8605156073672797,83,0.2658103421083309,0.6743351076249611,0.1742947624577863
220,-1.5134944072721068,81,0.3247828795321748,0.9722220999404881,0.9822718239176808
221,-0.1666548508803217,67,0.5913146514562763,0.8526388121426615,0.9508147099511204
222,-0.9717086910493917,92,0.6278609166410405,0.42999240053460175,0.9271411103028718
223,-1.643481322411107,61,0.9314425457748973,0.4516370395887619,0.8266492339233446
224,0.5056810713932767,11,0.012718391585116118,0.41571332762635216,0.5315840210392804
225,-0.061398628422175805,39,0.19343848002204977,0.23893369908747863,0.3004505723860754
226,0.40652853663281385,25,0.36200251650267057,0.9517654324033509,0.6517082801016919
227,-0.9892949414259369,72,0.8180068400396615,0.0686597361587985,0.15134846322090867
228,-0.6580587918366578,18,0.5499087395815838,0.2049472945993761,0.6168126688598305
229,-0.9990430272201656,60,0.5119906019866359,0.6619811308793633,0.06606740867991112
230,-0.8866418670580481,85,0.7601858968623381,0.5895624214198569,0.01358528941292736
231,0.19540791774940214,19,0.6550592379766748,0.27864727520392574,0.7155162046297556
232,-0.7829746163349458,91,0.28985581215727363,0.9369546198917819,0.3427107437281267
233,0.3560662888202746,70,0.08711642067418801,0.40945493892301754,0.6972509641853862
234,0.3397559254182162,5,0.4623067556167041,0.5962535838776322,0.7799468483336202
235,2.0251609868801026,53,0.8801663975261789,0.09102634440980573,0.8353036689331078
236,-1.3927890458668095,33,0.598141057376147,0.8908888448294284,0.6158293280663367
237,0.8879023778350454,70,0.05328906433272573,0.10300358611778992,0.8467372711791488
238,-0.0894879618884183,20,0.4400770478391518,0.39404674702267306,0.6588697833373273
239,-0.01402973013099694,49,0.38461208376683254,0.8855742243311313,0.9272804385754598
240,-1.4498638219066111,47,0.5824249432189662,0.9449940099230699,0.8968497678748796
241,-0.4601938127246543,50,0.5871267301008034,0.9039756486177464,0.04328179441370417
242,0.743197263443954,92,0.9513320273504348,0.8275931426028814,0.26764757663858596
243,-0.08247837201730518,94,0.338093853210634,0.23330078040065738,0.38882611988462756
244,0.08105437041126562,7,0.40809549611147233,0.03185403840451351,0.25219910818515745
245,-0.29071668060054134,78,0.6135139109766908,0.4518095459223531,0.1768913140621886
246,1.1545697469862868,17,0.886390621049156,0.06317958568504067,0.8734733944769841
247,-0.021472567043494796,16,0.7061439487540253,0.9605342238825667,0.02500150416388469
248,-2.200415672482062,49,0.47088543878732747,0.0081874432672695,0.1818594421371379
249,-0.6920725504744906,97,0.814566048255235,0.3254805962208862,0.7602430551512789
250,-1.968796607080243,52,0.4853060911653192,0.2032923016693361,0.22331086144986878
251,-3.2514384154965383,59,0.9635228978077871,0.013690928123799573,0.25835311080398593
252,-0.5301153497723121,74,0.28249944782075675,0.4990780600303196,0.9674716744591201
253,1.3335598501027237,48,0.12739189762244763,0.07604980500583769,0.7626520858135679
254,0.04711990613059292,44,0.8303998960838012,0.8999391559500212,0.4486651202094961
255,-1.1725457074049794,69,0.2972990141673931,0.6876279225888259,0.1362017950909541
256,-0.9406998682024224,14,0.8473962590424248,0.37000073147090673,0.2690465812643885
257,1.1306132302500087,88,0.609404827724395,0.8415640742346095,0.9811630712342759
258,0.15762662339846478,36,0.5089593123644192,0.7968576362820177,0.7910780439905886
259,0.04799924156205696,59,0.08703178559319935,0.3264410926312873,0.06987886618729244
260,-0.05346178883805718,98,0.7863155024323435,0.8472281678605353,0.7068427403445117
261,0.038400261555346496,76,0.06592438214042384,0.929397799523372,0.37603065049987416
262,0.8054056469437983,75,0.9651511417369583,0.6198917364543581,0.7199045826890748
263,0.5525672973560755,81,0.8769745940319859,0.351782994604812,0.29544611728101555
264,0.21570470002449457,12,0.30296859244933205,0.9005860482358852,0.1301650268533815
265,-1.0428683575900106,44,0.12786616691262165,0.9428664533731504,0.019699886172345193
266,0.511108764909727,81,0.8856744506113411,0.3472839118528417,0.29568573323322844
267,-0.6842470779924941,26,0.4798505661719433,0.08629192245776096,0.8603441040953823
268,1.0938456759004787,31,0.12487377819398093,0.8678101141008884,0.8912308443678836
269,-1.2710508217241274,87,0.4985221835063387,0.6647933735639859,0.6831722659262791
270,-0.13762097627558853,78,0.2468192760752792,0.23199782424870885,0.7478863506615477
271,-0.007358286291270949,25,0.4078353948107888,0.5669272133841726,0.19462871445096397
272,-1.3246455506441366,2,0.6402410497095511,0.30819366911931445,0.35426213169544507
273,1.721971643856479,48,0.9153647817683371,0.9191883770087435,0.8992332504060958
274,1.4604067672595522,87,0.8009298310038372,0.34211471609394506,0.9862801660365969
275,-0.46358376160908316,55,0.16100889845741762,0.19625801220564543,0.44305486937188165
276,0.7717211655645232,17,0.4773357290875204,0.04320917386835843,0.7759746287936962
277,0.37867606967021183,48,0.4919280004203891,0.34251708775263046,0.9334467336057259
278,-2.613559463345258,46,0.9894827748174284,0.9894473385838145,0.9970022614943784
279,0.2503980162775905,60,0.08689784211301277,0.21833974732702432,0.2957561710364226
280,-0.061344079833248494,66,0.5107676458940533,0.45805130776912206,0.654070636713743
281,0.08321735347453037,25,0.9143630935284517,0.9721066203196135,0.38997957982807796
282,-1.0768749198271783,51,0.39884924566583524,0.0067141762016320605,0.4650835949653309
283,-0.2693470462204049,49,0.2617178398261487,0.29506315893500457,0.4619186113628079
284,-0.17825876338229713,17,0.5559334773419046,0.8211840862222556,0.278515310624754
285,1.1880942172123188,50,0.3200883875862217,0.09573168880878513,0.019065006951944907
286,0.33442706039101433,14,0.9270791327874011,0.9282961266331786,0.7665315137449271
287,-0.005555030202663769,20,0.08479876886212379,0.8345574368742619,0.6959675245421149
288,1.5289699979109401,29,0.2067078766587661,0.14305165833239908,0.8405970984602664
289,-0.5552479297636472,97,0.0838709717464019,0.5923459354705901,0.1533041829675399
290,-0.3894303048753847,6,0.7118892006455335,0.555498251094673,0.23703599992584956
291,-1.8167550113390598,85,0.2931418612212162,0.6936935196166271,0.5961299952461734
292,1.5691058462836123,22,0.9001690139594192,0.3068403472090093,0.9366267472464286
293,0.9643323681944285,94,0.8936314265000909,0.3841546106988417,0.471774623690034
294,0.9168480445117076,13,0.9363866543602676,0.24080103194908087,0.20082738289911028
295,0.6688984464469374,61,0.256128506326879,0.2918994948219823,0.594690490727937
296,0.110148587663652,47,0.0006567583558413359,0.1757287423581957,0.9575045946085726
297,0.21548893918232892,23,0.38760541758153966,0.9044030064372865,0.8680755224676806
298,-0.2520065902673078,36,0.9625630415718619,0.8874241471276741,0.8989566754880074
299,-0.20360042572294623,41,0.7637419254383909,0.36001659483442716,0.4105220530507816
300,0.05430361171369427,59,0.05965988001432254,0.6932179626265552,0.2622947186703519
301,1.5118295115637772,73,0.7025722410525193,0.49027551053483276,0.8705832062680924
302,0.5556879018080786,28,0.9170635327943232,0.2807827266020352,0.7880871183887922
303,-0.058460125758861455,38,0.9677199662262301,0.3496042129842877,0.8513772262338014
304,-0.5793920504433961,4,0.7159886561456308,0.9651556896485878,0.39122689074995587
305,-0.6349984874116595,26,0.8629954288758499,0.3414614606061177,0.2861579677780015
306,1.6027050111724899,33,0.8417021028999304,0.5786664377122945,0.2402995631049668
307,0.5066873042271038,80,0.35833778766813673,0.9451024888116922,0.8706203749142933
308,0.06755055831065467,75,0.09904386591935155,0.2975938707840322,0.9194222936100555
309,-0.34618184215272274,77,0.7274641672539296,0.8089400325477798,0.3671642661970993
310,-1.1090534117005277,26,0.13691331786558303,0.11408078950961353,0.8745414103918314
311,-0.06686155746989603,22,0.3841987780017082,0.7333305180215505,0.3813927565529972
312,0.873658034470201,41,0.9957359574724789,0.8066877082113488,0.4479088245607197
313,-0.39253724683749003,43,0.5597855251287702,0.8374438079247495,0.5664815086244069
314,-0.2272425830005601,75,0.5217400365573961,0.9750530135363451,0.2213011215493158
315,-0.22103435143897837,86,0.9478799472195193,0.7109387387980859,0.26744946100251665
316,0.10959436799816868,41,0.2840400891825686,0.9772110723651549,0.26665113798434414
317,-1.593010878745609,22,0.9994309254399342,0.27835333472856516,0.2600705844072305
318,-0.235398351965091,88,0.9119798088890763,0.5215608770611033,0.515520807685125
319,-0.8543955181540714,54,0.3639040091648421,0.2140741872443842,0.10050183045908634
320,0.8845850325626053,91,0.32723981463927776,0.08352872947314616,0.7803793908211094
321,-0.7705986765648598,39,0.12656336597968465,0.43893635447760204,0.1747982043990285
322,0.5770467473006955,31,0.9156401148211781,0.7196803711468271,0.44396705859543095
323,1.5244374527267601,6,0.1858099234064713,0.7784468643681663,0.6418224091420428
324,-0.3135962612816255,73,0.008978659346426388,0.01698845970023266,0.13802372308116306
325,-0.6015762521234661,50,0.8900765852910233,0.9422190752254401,0.4091919842142906
326,0.1914322591260928,26,0.5981151312628885,0.24723345865322333,0.5631618375971579
327,-0.0020290276090286124,45,0.6718486532021029,0.292200216220474,0.5503084796648242
328,-0.9936163473397114,14,0.7331411521185218,0.832411985893265,0.8925240096446041
329,0.4609194157133795,97,0.042661604947846654,0.8942148570439237,0.7850087480382326
330,2.015516053475408,44,0.09185499813063258,0.7364368663906552,0.12090965096635631
331,-0.25811199526572426,30,0.49983690504612577,0.33281660866604035,0.8332235610030347
332,-0.2028761960646632,60,0.05026095136509634,0.4628424847336907,0.5497935695220749
333,-1.0449320235690858,79,0.5043215963913392,0.8346050812332881,0.6781633253348966
334,0.3190884516865476,93,0.7363386815669613,0.3573085429899219,0.1599762700756001
335,-1.2469762247076281,68,0.6574091487238534,0.8053060062719204,0.47198075574798326
336,-1.1069310243514836,15,0.6166476544061984,0.7820094566419693,0.699915807785017
337,1.2796672718437896,42,0.04640571509782121,0.4686714511390486,0.7974526876606044
338,-0.9054530593946442,71,0.23665488174777005,0.8965550476680205,0.8058113987118054
339,1.0813575693313382,82,0.897494693795536,0.3845197539878794,0.21713137655128523
340,1.524358003782807,48,0.12322050119446337,0.7499153200226637,0.8327257388539802
341,0.2593264574767428,85,0.5332237079242497,0.6397488235448467,0.5684272365422561
342,0.5533914028508236,14,0.050048411735592935,0.331250666115689,0.6686878129727738
343,1.9522509436867783,35,0.9392026110747267,0.5317839512271161,0.8515523109953784
344,-0.19672840206571665,97,0.17156345787630933,0.606039877054668,0.40546801630318163
345,-0.5930057969416156,20,0.410021903115835,0.5368259240887387,0.9196375186822228
346,-1.3532310647829418,69,0.5467811411693869,0.11071907585627616,0.8812550217669829
347,0.041707080346346355,21,0.7186517009313407,0.9914505911073842,0.8077449377766857
348,1.4791442109183066,13,0.9374523668647308,0.9666045916394673,0.379941480076071
349,0.9595953814008653,16,0.7363632748455937,0.037474479526937055,0.5282067364499383
350,-0.9420912414179574,90,0.3473683709434846,0.9442798044096059,0.17311874308661923
351,-0.855375383832596,98,0.07533961065523043,0.5314888459731323,0.7593741308894111
352,-0.5041712293409636,11,0.7074051066996787,0.1257045043452325,0.8909346804579348
353,0.2922680824953417,71,0.9725103193788475,0.8205690579156569,0.1608444165325973
354,-0.20531142710368377,10,0.017016047011542135,0.43296508841676284,0.7447471758703661
355,0.21445394544308127,82,0.7746795980362481,0.713190665595797,0.6941705530921638
356,0.2967393780454473,33,0.17614190795357443,0.8272233181653823,0.0365213788489307
357,-0.2987735866784475,5,0.459953666993709,0.5380396383176034,0.9169266165016652
358,-0.040173941602943734,93,0.5226366751448915,0.04966529304160461,0.4791482453761087
359,0.20659237721603418,92,0.614426229990328,0.8224708128094376,0.2691792036582811
360,-0.08396970353317602,4,0.9895368240333908,0.6940383247166554,0.03018654917788799
361,0.5035208649940508,39,0.6874021092637729,0.9101414451111564,0.7818444124871367
362,1.8708757733280048,91,0.3923874191627684,0.2701370909596944,0.33779274376847845
363,0.5919722847708305,35,0.7150207931736536,0.7851713303122954,0.5134939413281067
364,0.05581054640855185,61,0.4667312874182642,0.8731176278866775,0.19473921890500656
365,-1.6861186233619148,87,0.41311998935359695,0.3550511017245319,0.6069979680097198
366,0.38795708601520174,7,0.3656532165495602,0.4101880095715109,0.3972353275432815
367,-1.9466784117672074,49,0.49340609463261353,0.3339874685776487,0.806600388996317
368,-1.409034086156122,57,0.28118215894844734,0.00572754780013629,0.666330938249131
369,0.8546392524687652,92,0.2421003422492174,0.23155739427397715,0.7217289949108731
370,0.7062350601366643,46,0.1484666557351486,0.3315363441342106,0.25115141698298094
371,-0.14993899834888477,83,0.4402246210823778,0.10840380480042333,0.06385163134846761
372,-1.7100111061522156,56,0.2932613123124622,0.7655562461493692,0.8799593214189283
373,-0.37134851689085024,43,0.8369415194641386,0.42695261691919606,0.9356502184725334
374,-0.678738318216024,73,0.8478941543576992,0.5682142858500958,0.6435021848948326
375,0.6368407461302101,84,0.343876671539892,0.2846066163884816,0.9217604024000429
376,2.2577305324275314,68,0.6191420848214886,0.36034830629025405,0.7062944917748237
377,0.21693048795465586,62,0.9022908318255086,0.7533840490958822,0.6058220500668948
378,-0.7793111280321169,99,0.3591619271034172,0.46981796938396225,0.4190504601793078
379,-1.1705515303032201,60,0.5547157293621667,0.5965220215063479,0.35561079527071804
380,-0.05609428076827262,16,0.44355861879559766,0.42268051504142423,0.489667584706567
381,-0.17679319351358783,92,0.6502652279363025,0.5570348731707027,0.2224380822580293
382,-1.1515191595274716,81,0.959770873371866,0.8973582835099682,0.4276781292916111
383,0.1163552356921842,37,0.13862368738110242,0.2674017096867414,0.5076415214823699
384,-1.1509135213108617,41,0.9653853294457347,0.5190619640593523,0.031212260251859192
385,1.1121072717293008,66,0.6657335159384915,0.6872261075935417,0.3935980516271208
386,1.0626506057881553,78,0.7958705116186644,0.08678948895029848,0.28445595481176444
387,1.0847512652964209,70,0.6351218107410487,0.9620075864412101,0.6341631976755555
388,-0.4740504706085282,89,0.8703169958611331,0.49875774005902973,0.8117797317002403
389,0.5145205633180888,7,0.32623873643620194,0.2453372202999956,0.614441316968049
390,-0.13206950521935684,99,0.7080476507056547,0.7604307826465037,0.663945696482139
391,-0.38881206140248165,49,0.2641130316191659,0.8155809041170546,0.6139018505573517
392,-0.3391456571420661,27,0.5086572352765745,0.6306197284859213,0.2562418843627696
393,-1.2997152730341506,22,0.6814904623377965,0.9161627731148234,0.37629605638595554
394,-1.4438636958951212,45,0.20112429198910753,0.08891069340504454,0.8441993030218977
395,0.7943147908760457,30,0.06115941603261976,0.5275984888050187,0.9460240319020279
396,-0.19123540391952007,94,0.7909481120131087,0.7428900848748059,0.1812015391061511
397,0.21642485112762316,50,0.8089462933341484,0.9168181334584435,0.010575845903728065
398,1.0017103884541199,94,0.6656648601248013,0.6414467819739146,0.9614606784124569
399,-1.7331324950160742,67,0.3214316159104904,0.6023118394011319,0.8596086192756028
400,-0.784130073815894,37,0.6581730055657138,0.38822801298695775,0.6075938997462357
401,0.17533484346507067,40,0.08388038458990188,0.571610031517343,0.8169176554963112
402,0.39209478666557296,94,0.6625096286358234,0.5547968971565121,0.5942600144813431
403,-0.3770744504010968,66,0.5761985501270213,0.9050249884195408,0.9048122621582098
404,1.0291792326978486,41,0.6172043236820915,0.8271012064048009,0.24334552659092668
405,0.2103949388296369,75,0.44698426644862943,0.7371954904485254,0.44413143373942554
406,-1.2133821388278598,38,0.22515831898878502,0.9237848452716289,0.670577752082892
407,-0.9307637759906452,22,0.7258771906639205,0.06616252308545367,0.21563076670214454
408,0.8054710604946225,75,0.46413030734043637,0.7696176071535612,0.714818376232337
409,0.4638314564560598,9,0.7453799296902562,0.46361665201995284,0.2623738935433404
410,-1.899061239006601,47,0.36418009232381676,0.751804797556997,0.7100218368545831
411,1.3477123038624088,41,0.08778926014115629,0.2961775047568481,0.8042160613000923
412,0.5980270310938874,45,0.5424575954988368,0.46733827860822097,0.4241771767554189
413,1.3433429876964984,22,0.6227613593743992,0.8245907224676958,0.9901113448034317
414,-0.383700881075084,39,0.9217771096681203,0.035180208572354266,0.6313679807965739
415,-0.2957062213323259,13,0.887754744536047,0.29112654613688005,0.7565826369363763
416,-1.126457084751319,43,0.05714915343670257,0.4884617948578516,0.020595096894906795
417,2.5369295701318877,73,0.771840387270744,0.851502163307065,0.11281162618043616
418,-0.17545422540714875,14,0.2613628002271684,0.2700331946206914,0.7114867670438335
419,1.5875331920819455,15,0.6971983785264789,0.8230744043702514,0.9431154700754931
420,-0.6472924513872795,7,0.3794819683413496,0.24454444321739732,0.6282288982304531
421,0.16384119233310074,83,0.32207835521267947,0.30315094653549646,0.9128437036377051
422,-1.67135248657008,75,0.48828372880348136,0.5538180912092923,0.059175415775264084
423,-0.382867148766769,5,0.5305311582810596,0.6539052031341875,0.8916496186044317
424,0.9837549084000277,56,0.6944832437782212,0.8800699938076574,0.8773144784836234
425,-1.2517438155744967,47,0.6378834487426083,0.8794670699422941,0.6288678867346448
426,1.072227544934612,67,0.6782555033725243,0.2501617501622043,0.4294731379833563
427,0.3372378158484627,38,0.38407682556682354,0.7456021670539219,0.7049479406648207
428,-1.0439509249842558,80,0.6773403776139103,0.6349930213047315,0.24391716083681303
429,-0.5015972714256735,51,0.34538732569919683,0.38614353290833703,0.6676461258201342
430,-0.4590656767054133,23,0.6075332473535611,0.7760418654789536,0.6942591483274864
431,-0.04951933794250218,50,0.4595329670762053,0.8975193722297632,0.5399023843770216
432,-0.5361439659430923,24,0.5627985641775611,0.47919457340597127,0.26007480854005927
433,-0.8272879008045365,50,0.01753818584308664,0.916105344963588,0.002106924487851658
434,-0.30458770251481737,28,0.4987864224383822,0.12762075596851818,0.1957782397904163
435,-1.026889738609049,43,0.21996794497595085,0.1661906877261481,0.8337755341168044
436,-1.289526572643077,31,0.3858125345121194,0.7642010834507588,0.21227439728620445
437,-0.04817648250735862,52,0.07377076481159117,0.30555168606385286,0.074330934063782
438,0.8828742255545683,76,0.6569011043589099,0.5853658501865812,0.2466346924885695
439,-1.529371705117365,69,0.8935216376076526,0.49707110678396316,0.5191727964662546
440,0.0035081514639604466,38,0.35459719915742527,0.14578543953056078,0.5862737647608922
441,-0.6499561948012956,50,0.10506778699359698,0.7542336602053469,0.8771471751167375
442,-0.9771454371346897,32,0.6202677943078556,0.7414325408798549,0.8547563417646016
443,0.8534376527146189,31,0.12703644848882478,0.14520342198921266,0.9687400031517783
444,-0.5181696890906662,63,0.8916213231301512,0.25977164165235067,0.8842682194913757
445,1.4983016830648794,78,0.12245681632607808,0.800584687412347,0.45025760082600474
446,-0.7798393641463933,19,0.3618704837852743,0.9122308919607361,0.14187896934633715
447,0.38650199362583243,26,0.49465978972069413,0.8700901227640772,0.9557803981145362
448,-0.22728300655720315,11,0.11787280605787998,0.501861933791108,0.22876220026007366
449,-0.7540218091263632,99,0.31874758871409614,0.36739544207819586,0.6221196887400308
450,0.5876750425777528,70,0.27527906791453305,0.44525191062768965,0.26446670739338696
451,-0.15498257307480726,16,0.7133004084122159,0.17638849463743855,0.8168249423825543
452,0.6032105807136467,75,0.9862733882243795,0.4959888447461315,0.20077407951137993
453,-0.047291507216996057,31,0.36283736501067043,0.23088753555933605,0.4207845463400741
454,-1.0858162553014383,30,0.790719479967725,0.16194964166764247,0.2196999179874114
455,-0.10206924318890695,49,0.1403410194120186,0.38062286162324344,0.8605657120238442
456,0.05195516951614051,63,0.5799137536190019,0.0639353833976436,0.6194228748791522
457,0.9584629538811972,66,0.4327132497843823,0.4703541388242204,0.6308210482856672
458,-0.9062690073351785,4,0.2881837534447156,0.6961366347622424,0.31449730188321934
459,-0.03932985326730542,74,0.8217103072634863,0.6514065118515586,0.1764917505207384
460,-1.721878730230039,41,0.7464217584034408,0.9752587366637893,0.8573374701038546
461,0.6514930603433157,91,0.13399693392721312,0.8857945668027098,0.7646001468940755
462,-1.0814829746406458,58,0.2924071897112466,0.633751749179569,0.7344453860464949
463,-1.8063595210836054,93,0.8195048815330724,0.8976226523941698,0.9971388221633114
464,-0.0592168342747372,26,0.9924316115229678,0.444446689866281,0.5595325562712702
465,1.1056849586628463,66,0.6115649082248297,0.7988741238180438,0.17855679522058343
466,-1.5244469482118754,35,0.8716987795777126,0.28447956572408395,0.6095407778272226
467,-1.0880355853884272,86,0.9842215244906009,0.5267028378184817,0.2872967936764892
468,-0.7432748910532813,61,0.7405454636993065,0.9798679692606684,0.5129390562209871
469,-1.1294966463420033,75,0.6447322007603757,0.5987996938390644,0.45932332369298046
470,0.37942788833458474,59,0.2212390888510869,0.5067912984558669,0.5635275239625386
471,-0.8073674450444858,76,0.37042462189113556,0.7873075919750773,0.9213762366546824
472,-0.7215147364602021,16,0.6235546625121565,0.3123572953885907,0.810200791938112
473,0.5833053986823111,23,0.926401312239102,0.831044021095487,0.41514955471868176
474,-0.7555146309686842,70,0.30184713308069,0.01854574512516627,0.8173326859355953
475,0.43278009778072224,19,0.39520906477319506,0.23825634011136365,0.8605220192314204
476,-0.9713851718820432,8,0.022236884527759293,0.1772472087498297,0.7739772280113573
477,-1.2121385142152894,56,0.6967269783325825,0.25735043900986476,0.5513885894279424
478,-1.8354492891909227,97,0.44357023234877424,0.9455314911748243,0.8993453147741859
479,1.861202786911729,31,0.7977318696066227,0.023895037514312767,0.49196090638660017
480,-0.32025903213099666,21,0.23365498127218443,0.29874508213654427,0.10595535578065118
481,0.24393336794842915,72,0.6596461306934033,0.5743907619570666,0.2721248849060218
482,-0.0310495089807992,26,0.6730926247382314,0.7030894641939343,0.6575129723631097
483,0.15996175700726273,77,0.4643241337557973,0.7737839164479073,0.37912640422289223
484,0.04968647937437248,20,0.18860574913336914,0.3832863157708605,0.42281941743849594
485,1.9082170392026987,19,0.4028991011912143,0.22017384256136308,0.4022088843865619
486,-1.0389265909571472,99,0.7450429083959126,0.8523525766568837,0.1920365990376398
487,-1.557462106098177,60,0.1891856099883762,0.12209217051157373,0.09353203351369299
488,-1.0119596684843548,29,0.0900410121722468,0.06502189015755422,0.04908082975988959
489,-1.3347090097585461,45,0.4627824363141353,0.23157976441133132,0.6725074795976569
490,0.7469620524819425,60,0.2345213661200185,0.4925868829955382,0.3241100089610427
491,0.8203782095377569,5,0.800551085539732,0.9421587051855311,0.45685747766199536
492,-0.9613155451503265,99,0.8172460330183229,0.7288520481572128,0.9351933358149862
493,-1.3904357764629918,48,0.9452803903463317,0.5639723423952818,0.6266652012324555
494,-0.35479665314109476,95,0.8397623679617949,0.5212190750747626,0.8106540575971974
495,1.3911238778763935,79,0.6474438342503968,0.6934173969636204,0.7623290000145632
496,-2.819569417798316,5,0.18705193152209365,0.6264666760049831,0.9537102160318839
497,0.5266267690158747,80,0.8230064825424002,0.3363113465545853,0.0668205817615034
498,-1.0757552274485853,52,0.7280943723928505,0.09273007213371554,0.3841418124497654
499,1.0403671465412743,88,0.7468665859609374,0.20092201922055464,0.9496119397321673
500,-1.077923940876752,60,0.6974337267366795,0.7827083823173393,0.4644333079870261
501,-0.2854158272158405,28,0.8300231982942152,0.6344532730201126,0.9478000944320635
502,-1.5062791006395633,70,0.2978434386939838,0.7971775948880613,0.1848613779236954
503,-0.9772578504980973,29,0.6724506881232395,0.044490972206499335,0.06024569461905682
504,1.3858391630461182,34,0.5172991033855314,0.900819702648973,0.8954663130142388
505,0.8205786858900587,59,0.337843818512092,0.38225164717818694,0.41125310740983434
506,-0.40166815215067564,33,0.32683940538449996,0.9261674382789193,0.5082751484496484
507,-0.8701723702042559,93,0.15546795139899405,0.5945188336132379,0.9362757183553436
508,-1.893807136511814,1,0.49153532865305394,0.5473128211280947,0.21942936110391453
509,-0.3936567119009843,39,0.368717498098156,0.8180772192126025,0.9681970504340308
510,-0.030903252586298,4,0.42151632043400833,0.6254313362673722,0.39655002448519483
511,-0.08405435783448403,72,0.851667910456297,0.6745718203614756,0.24741829501865764
512,-0.0937919279761702,55,0.6815120732529829,0.15760144803070653,0.2337042055880273
513,-1.121809627226926,15,0.6802482927107435,0.6044570219010527,0.5184488200597659
514,-0.06627388536561797,8,0.9840460472267484,0.3564994420885479,0.4669660389559104
515,-0.038673379535105926,74,0.21782534695197064,0.07558773778447425,0.8861004425421369
516,1.2905620378031775,21,0.5078954287197972,0.13319101946361722,0.05080210826358689
517,1.8667334543523622,84,0.09251868224254323,0.47979919930074055,0.043975821168510176
518,-0.13698902691779163,33,0.39279123721914844,0.26250474612038033,0.15278476606131508
519,-0.7663059511758866,55,0.950351565153143,0.765322870832175,0.6056643740328526
520,-0.06498212976196366,7,0.08592030121719951,0.12239848297579292,0.7813446066910007
521,-0.607621275254437,51,0.757722778427078,0.013818922317347715,0.47984360513415525
522,-0.7424338157462491,4,0.8654341566668544,0.9969796484520401,0.6137555675111106
523,-0.05865015192214237,23,0.5089461844663148,0.3129719864579231,0.642553339108548
524,-1.0433044311523152,92,0.7976106870279717,0.5097898372050873,0.01929501318522775
525,0.6061067511550176,97,0.4410456441304472,0.2100471243627854,0.24627645248634966
526,-0.10391554918407729,44,0.35335436336997306,0.2087987597053077,0.9977580919818514
527,0.25000830685995257,90,0.5057308234751183,0.40230347866867544,0.33078767626362804
528,-0.18294003597067152,21,0.19474328606133573,0.7897990708336271,0.9466270131170524
529,-0.7272544472524123,59,0.3074863297939978,0.03900240096696683,0.4922761221634573
530,-0.9479595597488518,71,0.3053762007399389,0.8373039211119099,0.2225564201675564
531,-0.23727600432454096,89,0.9884087029615518,0.9902673876627142,0.0024152285261147544
532,-0.5487603374278119,1,0.3351630948920574,0.5591622180983393,0.21755047601665645
533,0.23390133320957562,59,0.22886861474143483,0.3600112757256746,0.32150308031372754
534,-0.004431703197639366,25,0.9397671178246434,0.23393579764663597,0.43930243170883243
535,-1.3623067479227293,39,0.13858232842583673,0.18295100473860026,0.4471716367831401
536,0.06712129942835174,96,0.9658012532207642,0.3233357272063835,0.5483445517489057
537,-1.3428604171407572,65,0.8533113798664814,0.8516571736460258,0.47414865990893007
538,-0.6164776255192805,89,0.6470585718252493,0.0032556663721893253,0.03286381242791525
539,-0.2943536092178474,19,0.42780791264202767,0.7859786004414072,0.2669672144515959
540,-2.075273277911311,63,0.19724030160019757,0.6674313273455537,0.9620190173330492
541,0.09150744785998134,92,0.10620314382132567,0.019016037830180355,0.027414911689276567
542,0.15098334971433505,10,0.10367535282267581,0.06954783367169848,0.7340583853993358
543,-0.15802419342467286,87,0.34914191521299653,0.7350622152030758,0.47637259235642604
544,-0.4243172724715942,32,0.4071483816938014,0.6731710217728144,0.7069227420199788
545,-0.37360366010814,42,0.9237101665095998,0.31349267744419096,0.3325014181966497
546,-0.9765394686110568,3,0.5362274091578679,0.8612900701553521,0.37013796780098385
547,-0.2697003697288119,83,0.990630786315019,0.21015708132119193,0.5167798929817855
548,-0.5526118035148618,22,0.7208881580796535,0.42690883670494983,0.9096583995618064
549,0.09168539268739877,99,0.14629456737421076,0.11500435638409201,0.32838834469766254
550,-1.2041360895448572,3,0.5535673193881587,0.6456943970786669,0.0858638269014016
551,0.235589909011144,11,0.1593705240902369,0.08702349852718261,0.038256650511749424
552,0.1432188934776698,13,0.03920257898870605,0.17948197065771898,0.8815680822468832
553,-0.1415628321787237,68,0.9437871684751299,0.7663502756459588,0.31373568529459184
554,-0.439204823086289,63,0.33785401095729173,0.5002387071088378,0.11952575993662129
555,0.5523398924701125,21,0.18958600510313062,0.6618676226992671,0.5964225678980636
556,-1.6646017067938645,10,0.10179164815703623,0.7339531857101635,0.8448953632744277
557,0.4604533381451202,26,0.6521407325600326,0.6065508965448336,0.5995473322543503
558,0.24303746619037217,16,0.4611490367200616,0.19775985934514184,0.151711672716612
559,0.28337629253461555,71,0.011675935814840388,0.6984947883007627,0.4057325470756147
560,0.3833125924326753,90,0.7151813337235984,0.11593785718144556,0.2664893063172302
561,-0.6536444065928503,43,0.2566792882714899,0.2698123127461529,0.016572026178860333
562,-0.25946005830143554,34,0.7805579904109711,0.44813707854843243,0.9656853167364536
563,0.6370583312163494,52,0.4886057727688843,0.11444101731165734,0.45921683974494665
564,0.4306392440831103,33,0.5355810117591578,0.10599065024990251,0.13472188298158794
565,0.20671276544264874,18,0.4571979062178707,0.6522700043401815,0.8849056280544632
566,-1.5143202451196276,9,0.6759819111886815,0.7419574914688708,0.9851298965228088
567,0.5378871148832081,65,0.990045173118112,0.37069085023477544,0.8160057501325407
568,1.1694709919931063,79,0.797872628459598,0.3898544190088369,0.2536459100670725
569,1.0096714930428576,52,0.0691018580599595,0.2076010010774727,0.19054286828293876
570,0.2338780487691054,67,0.4948022143067742,0.5216278034527709,0.5251123002874379
571,-1.5576786036041945,12,0.2342876238792284,0.5803685014258788,0.5834970242704751
572,0.9425448142280201,55,0.10239894483410406,0.933606512659749,0.8784014419874011
573,-0.1472546367197673,67,0.19517553935237786,0.04058004776776247,0.967242942469018
574,-2.5325196480669656,62,0.24811432734735483,0.9087249930780722,0.910386988185139
575,0.37720740310720396,3,0.9597279723815605,0.9906476706292368,0.3420793016666992
576,-1.4921717830795365,10,0.7448646974572914,0.34628401331976166,0.585599306919301
577,-1.296440580195063,98,0.8529692358993385,0.725807947364143,0.12385640618904703
578,-0.6349588923738527,26,0.6988223502542628,0.8248446474008182,0.5188765303679772
579,1.272591177882884,23,0.3156541255856977,0.6511265305215244,0.07077000288597446
580,-0.37084535417839304,58,0.3911054937415114,0.28890459156812753,0.11129680658486629
581,0.2709915877367156,73,0.44068149396112566,0.6229066051926946,0.12194264371832275
582,1.7479679637522305,95,0.2934074134349943,0.8769087900554412,0.3014323625189047
583,1.5940297626557918,74,0.4214425376036549,0.10704748305875889,0.30967962216552314
584,-0.10335341582736501,81,0.7711868071934378,0.479973287698672,0.7050403522646791
585,-0.2415210220605113,91,0.07570342662170848,0.022645406232983056,0.07603372013348686
586,-1.2608706340895501,64,0.27657482074371587,0.8449601827198144,0.11114411548487857
587,-0.6944580741815911,60,0.4790260236124255,0.7784900762338007,0.6563206121756577
588,0.4253583476127701,52,0.6762247189262349,0.04603374351284384,0.6727889540931408
589,0.39573076180964684,21,0.6459284162921728,0.7458113002141488,0.7104369175367442
590,0.11023823117395956,2,0.7249855681578613,0.6915570513196538,0.7201392086889092
591,0.9948016575639254,13,0.10526210345623344,0.12625126823312316,0.6629241796807822
592,-0.7723680130331807,89,0.1807528913763261,0.5251684152588842,0.5525936031234445
593,-0.05607652018346502,31,0.3089802466173387,0.6893598035252568,0.7413621489282619
594,0.7312429884948122,7,0.28168770526065223,0.33548547705221354,0.0815278373264735
595,0.584145906227918,14,0.7555909922549402,0.5038982988570574,0.21181122522011508
596,1.0709457757324194,13,0.9933177963690704,0.9759322534645573,0.741453328346864
597,0.3970204067650606,38,0.6831146413625511,0.6356818460022535,0.19255212979194136
598,-0.3094025555968319,69,0.0330464536945555,0.5019933194971289,0.5307523874439803
599,0.3621922602623995,80,0.2975943820002843,0.06599744150528453,0.2603013919932119
600,-1.0025951963841089,81,0.8030272496879349,0.12117143915544248,0.4312750193515703
